iteration	n_judges	removed	added
0	55	harmlessness-judge-content-safety	None
1	54	honesty-judge-admission_of_uncertainty	None
2	53	harmlessness-judge-privacy-protection	None
3	52	honesty-judge-avoidance_of_deception	None
4	51	instruction-following-judge-instruction-coverage	None
5	50	logical-consistency-judge-absence-of-contradictions	None
6	49	truthfulness-judge-source-reliability	None
7	48	helpfulness-judge-actionability	None
8	47	creativity-judge-engagement	None
9	46	creativity-judge	None
10	45	creativity-judge-originality	None
11	44	instruction-following-judge-format-adherence	None
12	43	harmlessness-judge-refusal-effectiveness	None
13	42	explanatory-depth-judge	None
14	41	honesty-judge-disclosure_transparency	None
15	40	instruction-following-judge-attention-to-detail	None
16	39	helpfulness-judge-clarity	None
17	38	logical-consistency-judge-causality-and-inference	None
18	37	logical-consistency-judge	None
19	36	helpfulness-judge-relevance	None
20	35	truthfulness-judge-completeness	None
21	34	creativity-judge-relevance-and-balance	None
22	33	explanatory-depth-judge-supportiveness	None
23	32	instruction-following-judge-constraint-satisfaction	None
24	31	conciseness-judge-redundancy-elimination	None
25	30	helpfulness-judge-prioritization	None
26	29	conciseness-judge-information-density	None
27	28	clarity-judge-organization-and-structure	None
28	27	None	None